prefix,first_name,last_name,phone_number,email_address,contact_address,date_of_birth
Mr.,John,Doe,123-456-7890,johndoe@example.com,123 Main St,01/15/1985
Ms.,Jane,Smith,987-654-3210,janesmith@example.com,456 Elm Ave,05/22/1992
Dr.,Alex,Johnson,555-123-4567,alexjohnson@example.com,789 Oak Rd,11/08/1976
Mrs.,Emily,Brown,333-888-5555,emilybrown@example.com,234 Pine Ln,07/30/1990
Mr.,Michael,Lee,444-555-6666,michaellee@example.com,567 Birch Ct,03/12/1998
Ms.,Samantha,White,777-888-9999,samanthawhite@example.com,890 Maple Rd,09/18/1982
Dr.,David,Wilson,555-987-1234,davidwilson@example.com,123 Cherry Ave,12/03/1975
Mrs.,Olivia,Taylor,222-333-4444,oliviataylor@example.com,456 Walnut St,06/28/1995
Mr.,William,,Martinez,888-777-6666,williammartinez@example.com,789 Pineapple Ln,02/10/1991
Ms.,Sophia,Anderson,666-555-4444,sophiaanderson@example.com,234 Orange Rd,08/07/1989
Dr.,Jame,Jackson,111-222-3333,jamesjackson@example.com,567 Grape Ct,04/09/1978
Mrs.,Ava,Garcia,444-333-2222,avagarcia@example.com,890 Lemon Rd,10/15/1993
Mr.,Ethan,Brown,555-666-7777,ethanbrown@example.com,123 Peach Ave,07/21/1987
Ms.,Isabella,Lopez,777-888-9999,isabellalopez@example.com,456 Mango St,03/05/1997
Dr.,Mia,Adams,888-999-1111,miaadams@example.com,789 Berry Ln,11/27/1980
Mrs.,Charlotte,Hall,333-444-5555,charlottehall@example.com,234 Plum Rd,09/14/1994
Mr.,Liam,Rodriguez,222-555-8888,liamrodriguez@example.com,567 Watermelon Ct,05/03/1983
Ms.,Amelia,Rivera,555-222-6666,ameliarivera@example.com,890 Kiwi Rd,01/08/1979
Dr.,Lucas,Murphy,666-111-5555,lucasmurphy@example.com,123 Fig Ave,08/01/1992
Mrs.,Harper,Green,777-444-2222,harpergreen@example.com,456 Banana St,06/19/1986
Mr.,Benjamin,Wright,333-888-1111,benjaminwright@example.com,789 Grapefruit Ln,04/24/1996
Ms.,Evelyn,King,888-555-3333,evelynking@example.com,234 Blueberry Rd,10/30/1981
Dr.,Henry,Scott,222-777-1111,henryscott@example.com,567 Raspberry Ct,12/12/1977
Mrs.,Victoria,turner,555-111-8888,victoriaturner@example.com,890 Blackberry Rd,07/05/1998
Mr.,Samuel,Ward,777-333-6666,samuelward@example.com,123 Strawberry Ave,02/17/1984
Ms.,Grace,Morgan,111-555-6666,gracemorgan@example.com,456 Cranberry St,09/09/1990
Dr.,Daniel,Allen,555-888-1111,danielallen@example.com,789 Gooseberry Ln,05/31/1988
Mrs.,Penelope,Young,666-111-2222,penelopeyoung@example.com,234 Raspberry Rd,03/25/1974
Mr.,Joseph,Hill,333-444-5555,josephhill@example.com,567 Elderberry Ct,11/02/1999
Ms.,Nora,Hughes,888-666-2222,norahughes@example.com,890 Apricot Rd,07/14/1985
Dr.,Leo,Collins,222-555-7777,leocollins@example.com,123 Nectarine Ave,01/04/1973

